loss,accuracy,auc,precision,recall,f1_score
0.493820858001709,0.7577566623687744,0.8368979096412659,0.7391576528549194,0.7965464353561401,0.7667797436596773
