loss,accuracy,auc,precision,recall,f1_score
0.5025421380996704,0.7655172348022461,0.8414657115936279,0.8055555820465088,0.7435897588729858,0.7733333538055419
