loss,accuracy,auc,precision,recall,f1_score
0.38064083456993103,0.8484848737716675,0.9310185313224792,0.8125,0.8666666746139526,0.8387096811407686
